input	chrom	pos	allele_string	most_severe_consequence	hgvsg	clinvar_clin_sig	colocated_variant_ids	clinvar_phenotypes	consequence_terms	impact	gene_id	gene_symbol	transcript_id	gene_biotype	hgvsc	hgvsp	sift_prediction	sift_score	polyphen_prediction	polyphen_score	alphamissense_score	alphamissense_prediction
22 16050075 16050075 A/G	22	16050075	A/G	intergenic_variant																		
22 16050115 16050115 G/A	22	16050115	G/A	intergenic_variant																		
22 16050213 16050213 C/T	22	16050213	C/T	intergenic_variant																		
22 16050319 16050319 C/T	22	16050319	C/T	intergenic_variant																		
22 16050527 16050527 C/A	22	16050527	C/A	intergenic_variant																		
22 16050568 16050568 C/A	22	16050568	C/A	intergenic_variant																		
22 16050607 16050607 G/A	22	16050607	G/A	intergenic_variant																		
22 16050627 16050627 G/T	22	16050627	G/T	intergenic_variant																		
22 16050646 16050646 G/T	22	16050646	G/T	intergenic_variant																		
22 16050655 16050655 G/A	22	16050655	G/A	intergenic_variant																		
22 16050678 16050678 C/T	22	16050678	C/T	intergenic_variant																		
22 16050679 16050679 G/A	22	16050679	G/A	intergenic_variant																		
22 16050688 16050688 C/T	22	16050688	C/T	intergenic_variant																		
22 16050732 16050732 C/T	22	16050732	C/T	intergenic_variant																		
22 16050739 16050740 TA/T	22	16050740	A/-	intergenic_variant																		
22 16050758 16050758 T/C	22	16050758	T/C	intergenic_variant			rs1401236075															
22 16050783 16050783 A/G	22	16050783	A/G	intergenic_variant																		
22 16050840 16050840 C/G	22	16050840	C/G	intergenic_variant																		
22 16050847 16050847 T/C	22	16050847	T/C	intergenic_variant																		
22 16050856 16050856 G/T	22	16050856	G/T	intergenic_variant																		
22 16050874 16050874 G/T	22	16050874	G/T	intergenic_variant																		
22 16050922 16050922 T/G	22	16050922	T/G	intergenic_variant																		
22 16050954 16050954 G/A	22	16050954	G/A	intergenic_variant			rs1369841928															
22 16050958 16050958 A/T	22	16050958	A/T	intergenic_variant																		
22 16050972 16050972 G/A	22	16050972	G/A	intergenic_variant																		
22 16050984 16050984 C/G	22	16050984	C/G	intergenic_variant																		
22 16050994 16050994 G/C	22	16050994	G/C	intergenic_variant																		
22 16050996 16050996 T/C	22	16050996	T/C	intergenic_variant			rs2123666587															
22 16051075 16051075 G/A	22	16051075	G/A	intergenic_variant																		
22 16051164 16051164 G/A	22	16051164	G/A	intergenic_variant																		
22 16051165 16051165 C/T	22	16051165	C/T	intergenic_variant																		
22 16051246 16051246 G/A	22	16051246	G/A	intergenic_variant																		
22 16051249 16051249 T/C	22	16051249	T/C	intergenic_variant																		
22 16051250 16051250 G/A	22	16051250	G/A	intergenic_variant																		
22 16051269 16051269 G/T	22	16051269	G/T	intergenic_variant																		
22 16051432 16051432 A/G	22	16051432	A/G	intergenic_variant																		
22 16051453 16051453 A/C	22	16051453	A/C	intergenic_variant																		
22 16051453 16051453 A/G	22	16051453	A/G	intergenic_variant																		
22 16051477 16051477 C/A	22	16051477	C/A	intergenic_variant																		
22 16051493 16051493 G/A	22	16051493	G/A	intergenic_variant			rs1979852341															
22 16051564 16051564 T/C	22	16051564	T/C	intergenic_variant																		
22 16051644 16051644 C/T	22	16051644	C/T	intergenic_variant																		
22 16051657 16051657 C/G	22	16051657	C/G	intergenic_variant																		
22 16051722 16051723 TA/T	22	16051723	A/-	intergenic_variant																		
22 16051771 16051771 A/T	22	16051771	A/T	intergenic_variant																		
22 16051777 16051777 G/T	22	16051777	G/T	intergenic_variant																		
22 16051796 16051796 A/G	22	16051796	A/G	intergenic_variant																		
22 16051816 16051816 T/G	22	16051816	T/G	intergenic_variant																		
22 16051874 16051874 A/T	22	16051874	A/T	intergenic_variant																		
22 16051925 16051925 G/A	22	16051925	G/A	intergenic_variant																		
22 16051926 16051926 G/A	22	16051926	G/A	intergenic_variant																		
22 16051927 16051927 A/T	22	16051927	A/T	intergenic_variant																		
22 16051930 16051930 C/A	22	16051930	C/A	intergenic_variant																		
22 16051952 16051952 G/A	22	16051952	G/A	intergenic_variant																		
22 16052032 16052032 G/A	22	16052032	G/A	intergenic_variant																		
22 16052079 16052079 C/T	22	16052079	C/T	intergenic_variant																		
22 16052080 16052080 G/A	22	16052080	G/A	intergenic_variant																		
22 16052097 16052097 G/A	22	16052097	G/A	intergenic_variant																		
22 16052111 16052111 C/T	22	16052111	C/T	intergenic_variant																		
22 16052112 16052112 C/G	22	16052112	C/G	intergenic_variant																		
22 16052126 16052126 T/C	22	16052126	T/C	intergenic_variant																		
22 16052159 16052159 T/C	22	16052159	T/C	intergenic_variant			rs1200940331															
22 16052167 16052167 A/AAAAC	22	16052168	-/AAAC	intergenic_variant																		
22 16052240 16052240 C/G	22	16052240	C/G	intergenic_variant																		
22 16052271 16052271 G/A	22	16052271	G/A	intergenic_variant																		
22 16052379 16052379 C/T	22	16052379	C/T	intergenic_variant																		
22 16052384 16052384 G/C	22	16052384	G/C	intergenic_variant																		
22 16052394 16052410 GAAAGCCAGAACCACTC/G	22	16052395	AAAGCCAGAACCACTC/-	intergenic_variant																		
22 16052428 16052428 G/A	22	16052428	G/A	intergenic_variant																		
22 16052463 16052463 T/C	22	16052463	T/C	intergenic_variant																		
22 16052492 16052492 A/C	22	16052492	A/C	intergenic_variant																		
22 16052576 16052576 A/G	22	16052576	A/G	intergenic_variant																		
22 16052639 16052639 C/T	22	16052639	C/T	intergenic_variant																		
22 16052684 16052684 A/C	22	16052684	A/C	intergenic_variant																		
22 16052730 16052730 G/A	22	16052730	G/A	intergenic_variant																		
22 16052742 16052742 G/A	22	16052742	G/A	intergenic_variant																		
22 16052837 16052837 C/T	22	16052837	C/T	intergenic_variant																		
22 16052853 16052853 G/A	22	16052853	G/A	intergenic_variant																		
22 16052872 16052872 G/C	22	16052872	G/C	intergenic_variant																		
22 16052957 16052957 C/T	22	16052957	C/T	intergenic_variant																		
22 16052962 16052962 C/T	22	16052962	C/T	intergenic_variant																		
22 16052973 16052973 C/T	22	16052973	C/T	intergenic_variant																		
22 16052986 16052986 C/A	22	16052986	C/A	intergenic_variant			rs1979889088															
22 16053031 16053031 G/A	22	16053031	G/A	intergenic_variant																		
22 16053050 16053050 G/A	22	16053050	G/A	intergenic_variant																		
22 16053107 16053107 C/T	22	16053107	C/T	intergenic_variant																		
22 16053115 16053115 G/A	22	16053115	G/A	intergenic_variant																		
22 16053116 16053116 C/T	22	16053116	C/T	intergenic_variant																		
22 16053127 16053127 C/T	22	16053127	C/T	intergenic_variant																		
22 16053138 16053138 C/A	22	16053138	C/A	intergenic_variant																		
22 16053139 16053139 G/A	22	16053139	G/A	intergenic_variant																		
22 16053202 16053202 C/A	22	16053202	C/A	intergenic_variant																		
22 16053211 16053211 G/A	22	16053211	G/A	intergenic_variant																		
22 16053238 16053238 G/A	22	16053238	G/A	intergenic_variant			rs1378260918															
22 16053241 16053241 C/T	22	16053241	C/T	intergenic_variant																		
22 16053246 16053246 G/T	22	16053246	G/T	intergenic_variant																		
22 16053248 16053248 T/C	22	16053248	T/C	intergenic_variant			rs1979895718															
22 16053249 16053249 C/T	22	16053249	C/T	intergenic_variant																		
22 16053254 16053254 G/A	22	16053254	G/A	intergenic_variant																		
22 16053260 16053260 T/C	22	16053260	T/C	intergenic_variant																		
22 16053264 16053264 C/T	22	16053264	C/T	intergenic_variant																		
22 16053340 16053340 C/A	22	16053340	C/A	intergenic_variant																		
22 16053350 16053350 C/T	22	16053350	C/T	intergenic_variant																		
22 16053387 16053387 C/T	22	16053387	C/T	intergenic_variant																		
22 16053431 16053431 G/T	22	16053431	G/T	intergenic_variant																		
22 16053444 16053444 A/T	22	16053444	A/T	intergenic_variant																		
22 16053458 16053458 G/C	22	16053458	G/C	intergenic_variant																		
22 16053485 16053485 G/T	22	16053485	G/T	intergenic_variant																		
22 16053488 16053488 G/A	22	16053488	G/A	intergenic_variant																		
22 16053513 16053513 G/A	22	16053513	G/A	intergenic_variant																		
22 16053515 16053515 G/T	22	16053515	G/T	intergenic_variant																		
22 16053561 16053561 G/C	22	16053561	G/C	intergenic_variant																		
22 16053565 16053565 G/A	22	16053565	G/A	intergenic_variant																		
22 16053659 16053659 A/C	22	16053659	A/C	intergenic_variant			rs1365946665															
22 16053679 16053679 G/C	22	16053679	G/C	intergenic_variant																		
22 16053725 16053725 A/T	22	16053725	A/T	intergenic_variant																		
22 16053730 16053730 C/A	22	16053730	C/A	intergenic_variant																		
22 16053767 16053767 C/T	22	16053767	C/T	intergenic_variant																		
22 16053770 16053770 A/T	22	16053770	A/T	intergenic_variant																		
22 16053782 16053782 G/A	22	16053782	G/A	intergenic_variant																		
22 16053791 16053791 C/A	22	16053791	C/A	intergenic_variant																		
22 16053812 16053812 T/C	22	16053812	T/C	intergenic_variant																		
22 16053814 16053814 C/T	22	16053814	C/T	intergenic_variant																		
22 16053819 16053819 A/G	22	16053819	A/G	intergenic_variant																		
22 16053824 16053824 G/A	22	16053824	G/A	intergenic_variant																		
22 16053843 16053843 G/A	22	16053843	G/A	intergenic_variant																		
22 16053862 16053862 C/T	22	16053862	C/T	intergenic_variant			rs1165640946															
22 16053863 16053863 G/A	22	16053863	G/A	intergenic_variant																		
22 16053903 16053903 C/T	22	16053903	C/T	intergenic_variant																		
22 16053945 16053945 A/G	22	16053945	A/G	intergenic_variant																		
22 16053951 16053951 G/A	22	16053951	G/A	intergenic_variant																		
22 16053979 16053979 G/A	22	16053979	G/A	intergenic_variant																		
22 16054030 16054030 G/A	22	16054030	G/A	intergenic_variant																		
22 16054052 16054052 C/A	22	16054052	C/A	intergenic_variant																		
22 16054070 16054070 G/A	22	16054070	G/A	intergenic_variant																		
22 16054071 16054071 C/T	22	16054071	C/T	intergenic_variant			rs1376438121															
22 16054072 16054072 C/G	22	16054072	C/G	intergenic_variant																		
22 16054076 16054076 T/C	22	16054076	T/C	intergenic_variant																		
22 16054112 16054112 G/A	22	16054112	G/A	intergenic_variant			rs1282565420															
22 16054138 16054138 G/A	22	16054138	G/A	intergenic_variant																		
22 16054199 16054199 C/A	22	16054199	C/A	intergenic_variant																		
22 16054214 16054214 C/T	22	16054214	C/T	intergenic_variant																		
22 16054237 16054237 G/A	22	16054237	G/A	intergenic_variant																		
22 16054241 16054241 G/T	22	16054241	G/T	intergenic_variant																		
22 16054248 16054248 C/A	22	16054248	C/A	intergenic_variant																		
22 16054256 16054256 T/A	22	16054256	T/A	intergenic_variant																		
22 16054311 16054311 T/C	22	16054311	T/C	intergenic_variant																		
22 16054329 16054329 A/T	22	16054329	A/T	intergenic_variant																		
22 16054340 16054340 G/T	22	16054340	G/T	intergenic_variant																		
22 16054349 16054349 G/T	22	16054349	G/T	intergenic_variant																		
22 16054396 16054396 G/A	22	16054396	G/A	intergenic_variant																		
22 16054399 16054399 C/A	22	16054399	C/A	intergenic_variant																		
22 16054424 16054424 C/T	22	16054424	C/T	intergenic_variant																		
22 16054454 16054454 C/T	22	16054454	C/T	intergenic_variant																		
22 16054460 16054460 T/C	22	16054460	T/C	intergenic_variant																		
22 16054579 16054579 G/T	22	16054579	G/T	intergenic_variant																		
22 16054581 16054581 T/A	22	16054581	T/A	intergenic_variant																		
22 16054601 16054601 C/T	22	16054601	C/T	intergenic_variant																		
22 16054603 16054603 C/T	22	16054603	C/T	intergenic_variant																		
22 16054646 16054646 T/C	22	16054646	T/C	intergenic_variant																		
22 16054671 16054671 A/T	22	16054671	A/T	intergenic_variant																		
22 16054713 16054713 C/T	22	16054713	C/T	intergenic_variant			rs1430742230															
22 16054714 16054714 G/A	22	16054714	G/A	intergenic_variant																		
22 16054719 16054719 C/A	22	16054719	C/A	intergenic_variant																		
22 16054721 16054721 C/T	22	16054721	C/T	intergenic_variant																		
22 16054739 16054739 C/T	22	16054739	C/T	intergenic_variant			rs1979929013															
22 16054740 16054740 A/G	22	16054740	A/G	intergenic_variant																		
22 16054751 16054751 T/C	22	16054751	T/C	intergenic_variant			rs1309638441															
22 16054756 16054756 G/C	22	16054756	G/C	intergenic_variant																		
22 16054785 16054785 G/A	22	16054785	G/A	intergenic_variant																		
22 16054839 16054839 G/A	22	16054839	G/A	intergenic_variant																		
22 16054848 16054848 C/T	22	16054848	C/T	intergenic_variant																		
22 16054869 16054869 C/T	22	16054869	C/T	intergenic_variant																		
22 16054882 16054882 C/T	22	16054882	C/T	intergenic_variant																		
22 16054888 16054888 A/G	22	16054888	A/G	intergenic_variant																		
22 16054889 16054889 A/T	22	16054889	A/T	intergenic_variant																		
22 16054894 16054894 G/A	22	16054894	G/A	intergenic_variant																		
22 16054918 16054918 G/A	22	16054918	G/A	intergenic_variant																		
22 16054920 16054920 C/T	22	16054920	C/T	intergenic_variant																		
22 16054925 16054925 C/T	22	16054925	C/T	intergenic_variant			rs1601607536															
22 16054954 16054954 T/A	22	16054954	T/A	intergenic_variant																		
22 16054957 16054957 G/A	22	16054957	G/A	intergenic_variant																		
22 16054960 16054960 C/T	22	16054960	C/T	intergenic_variant																		
22 16054979 16054979 C/G	22	16054979	C/G	intergenic_variant																		
22 16055054 16055054 G/T	22	16055054	G/T	intergenic_variant																		
22 16055070 16055070 G/A	22	16055070	G/A	intergenic_variant																		
22 16055098 16055098 G/A	22	16055098	G/A	intergenic_variant																		
22 16055105 16055105 G/A	22	16055105	G/A	intergenic_variant																		
22 16055121 16055121 G/C	22	16055121	G/C	intergenic_variant																		
22 16055122 16055122 G/T	22	16055122	G/T	intergenic_variant																		
22 16055127 16055127 G/A	22	16055127	G/A	intergenic_variant																		
22 16055134 16055134 G/A	22	16055134	G/A	intergenic_variant																		
22 16055157 16055157 C/T	22	16055157	C/T	intergenic_variant																		
22 16055171 16055171 G/A	22	16055171	G/A	intergenic_variant																		
22 16055172 16055172 C/A	22	16055172	C/A	intergenic_variant																		
22 16055207 16055207 C/T	22	16055207	C/T	intergenic_variant																		
22 16055230 16055230 T/C	22	16055230	T/C	intergenic_variant																		
22 16055240 16055240 C/T	22	16055240	C/T	intergenic_variant																		
22 16055256 16055256 C/T	22	16055256	C/T	intergenic_variant																		
22 16055257 16055257 G/A	22	16055257	G/A	intergenic_variant																		
